{
  "project_info": {
    "project_number": "325384305898",
    "project_id": "test6-73705",
    "storage_bucket": "test6-73705.appspot.com"
  },
  "client": [
    {
      "client_info": {
        "mobilesdk_app_id": "1:325384305898:android:315f4a92382446d0732b93",
        "android_client_info": {
          "package_name": "com.example.realtest"
        }
      },
      "oauth_client": [],
      "api_key": [
        {
          "current_key": "AIzaSyBHU5udxQXoL5S2iOVvfUrhufc2qSUytbI"
        }
      ],
      "services": {
        "appinvite_service": {
          "other_platform_oauth_client": []
        }
      }
    }
  ],
  "configuration_version": "1"
}